{
  "docs": 7,
  "chunks": 160,
  "embed_seconds": 2.2836008071899414,
  "index_seconds": 0.0010762214660644531,
  "total_seconds": 6.58102011680603
}